,STATE,state_fips,STATE_NAME,geo_idx,sa,series,year,Q1,Q2,Q3,Q4,state_formations
0,AL,1,Alabama,7,U,BF_BF8Q,2005,1851,1664,1474,1503,6492
1,AL,1,Alabama,7,U,BF_BF8Q,2006,1749,1559,1437,1302,6047
2,AL,1,Alabama,7,U,BF_BF8Q,2007,1655,1414,1297,1155,5521
3,AL,1,Alabama,7,U,BF_BF8Q,2008,1279,1171,1051,898,4399
4,AL,1,Alabama,7,U,BF_BF8Q,2009,1113,952,943,858,3866
5,AL,1,Alabama,7,U,BF_BF8Q,2010,1098,994,948,872,3912
6,AL,1,Alabama,7,U,BF_BF8Q,2011,1034,918,925,847,3724
7,AL,1,Alabama,7,U,BF_BF8Q,2012,1018,949,818,806,3591
8,AL,1,Alabama,7,U,BF_BF8Q,2013,958,880,836,816,3490
9,AL,1,Alabama,7,U,BF_BF8Q,2014,922,938,956,851,3667
10,AK,2,Alaska,6,U,BF_BF8Q,2005,389,429,291,326,1435
11,AK,2,Alaska,6,U,BF_BF8Q,2006,360,375,309,256,1300
12,AK,2,Alaska,6,U,BF_BF8Q,2007,330,332,258,266,1186
13,AK,2,Alaska,6,U,BF_BF8Q,2008,307,300,232,210,1049
14,AK,2,Alaska,6,U,BF_BF8Q,2009,271,247,215,179,912
15,AK,2,Alaska,6,U,BF_BF8Q,2010,224,246,195,197,862
16,AK,2,Alaska,6,U,BF_BF8Q,2011,282,255,202,194,933
17,AK,2,Alaska,6,U,BF_BF8Q,2012,255,260,196,209,920
18,AK,2,Alaska,6,U,BF_BF8Q,2013,257,244,184,184,869
19,AK,2,Alaska,6,U,BF_BF8Q,2014,256,243,189,212,900
20,AZ,4,Arizona,9,U,BF_BF8Q,2005,3020,3180,2991,3107,12298
21,AZ,4,Arizona,9,U,BF_BF8Q,2006,3228,2936,2709,2585,11458
22,AZ,4,Arizona,9,U,BF_BF8Q,2007,2811,2661,2238,2179,9889
23,AZ,4,Arizona,9,U,BF_BF8Q,2008,2125,1934,1765,1697,7521
24,AZ,4,Arizona,9,U,BF_BF8Q,2009,1755,1702,1630,1519,6606
25,AZ,4,Arizona,9,U,BF_BF8Q,2010,1777,1680,1609,1574,6640
26,AZ,4,Arizona,9,U,BF_BF8Q,2011,1773,1566,1600,1398,6337
27,AZ,4,Arizona,9,U,BF_BF8Q,2012,1633,1494,1387,1504,6018
28,AZ,4,Arizona,9,U,BF_BF8Q,2013,1646,1532,1485,1452,6115
29,AZ,4,Arizona,9,U,BF_BF8Q,2014,1684,1645,1426,1553,6308
30,AR,5,Arkansas,8,U,BF_BF8Q,2005,1227,1151,1059,866,4303
31,AR,5,Arkansas,8,U,BF_BF8Q,2006,1223,1052,902,820,3997
32,AR,5,Arkansas,8,U,BF_BF8Q,2007,1066,965,891,800,3722
33,AR,5,Arkansas,8,U,BF_BF8Q,2008,854,781,764,658,3057
34,AR,5,Arkansas,8,U,BF_BF8Q,2009,785,673,668,608,2734
35,AR,5,Arkansas,8,U,BF_BF8Q,2010,731,703,723,587,2744
36,AR,5,Arkansas,8,U,BF_BF8Q,2011,791,683,659,577,2710
37,AR,5,Arkansas,8,U,BF_BF8Q,2012,715,668,595,593,2571
38,AR,5,Arkansas,8,U,BF_BF8Q,2013,744,689,635,561,2629
39,AR,5,Arkansas,8,U,BF_BF8Q,2014,762,718,648,579,2707
40,CA,6,California,10,U,BF_BF8Q,2005,20905,19258,17126,15246,72535
41,CA,6,California,10,U,BF_BF8Q,2006,19302,17353,14748,13536,64939
42,CA,6,California,10,U,BF_BF8Q,2007,17650,15714,13590,12195,59149
43,CA,6,California,10,U,BF_BF8Q,2008,15105,13830,11632,10005,50572
44,CA,6,California,10,U,BF_BF8Q,2009,13107,11569,10426,9133,44235
45,CA,6,California,10,U,BF_BF8Q,2010,12388,11214,11344,9368,44314
46,CA,6,California,10,U,BF_BF8Q,2011,13011,12250,10925,9708,45894
47,CA,6,California,10,U,BF_BF8Q,2012,11656,12773,10652,10066,45147
48,CA,6,California,10,U,BF_BF8Q,2013,12006,13603,11486,10559,47654
49,CA,6,California,10,U,BF_BF8Q,2014,14389,12798,11765,10364,49316
50,CO,8,Colorado,11,U,BF_BF8Q,2005,3844,3235,2655,2728,12462
51,CO,8,Colorado,11,U,BF_BF8Q,2006,3462,3036,2624,2495,11617
52,CO,8,Colorado,11,U,BF_BF8Q,2007,3081,2788,2427,2287,10583
53,CO,8,Colorado,11,U,BF_BF8Q,2008,2802,2286,1909,1914,8911
54,CO,8,Colorado,11,U,BF_BF8Q,2009,2413,2031,1984,1909,8337
55,CO,8,Colorado,11,U,BF_BF8Q,2010,2361,2064,1793,1703,7921
56,CO,8,Colorado,11,U,BF_BF8Q,2011,2251,1878,1699,1715,7543
57,CO,8,Colorado,11,U,BF_BF8Q,2012,2178,1931,1684,1826,7619
58,CO,8,Colorado,11,U,BF_BF8Q,2013,2300,1964,1791,1865,7920
59,CO,8,Colorado,11,U,BF_BF8Q,2014,2381,2226,1977,2089,8673
60,CT,9,Connecticut,12,U,BF_BF8Q,2005,1353,1276,1188,1104,4921
61,CT,9,Connecticut,12,U,BF_BF8Q,2006,1233,1216,1031,971,4451
62,CT,9,Connecticut,12,U,BF_BF8Q,2007,1087,1118,885,940,4030
63,CT,9,Connecticut,12,U,BF_BF8Q,2008,949,880,784,766,3379
64,CT,9,Connecticut,12,U,BF_BF8Q,2009,825,793,738,717,3073
65,CT,9,Connecticut,12,U,BF_BF8Q,2010,875,829,723,731,3158
66,CT,9,Connecticut,12,U,BF_BF8Q,2011,836,809,711,769,3125
67,CT,9,Connecticut,12,U,BF_BF8Q,2012,874,798,665,665,3002
68,CT,9,Connecticut,12,U,BF_BF8Q,2013,782,753,635,663,2833
69,CT,9,Connecticut,12,U,BF_BF8Q,2014,779,756,708,676,2919
70,DE,10,Delaware,13,U,BF_BF8Q,2005,490,423,363,384,1660
71,DE,10,Delaware,13,U,BF_BF8Q,2006,455,401,306,322,1484
72,DE,10,Delaware,13,U,BF_BF8Q,2007,398,359,371,359,1487
73,DE,10,Delaware,13,U,BF_BF8Q,2008,392,309,282,279,1262
74,DE,10,Delaware,13,U,BF_BF8Q,2009,303,285,237,296,1121
75,DE,10,Delaware,13,U,BF_BF8Q,2010,341,290,289,278,1198
76,DE,10,Delaware,13,U,BF_BF8Q,2011,334,322,304,281,1241
77,DE,10,Delaware,13,U,BF_BF8Q,2012,333,343,254,291,1221
78,DE,10,Delaware,13,U,BF_BF8Q,2013,355,292,283,273,1203
79,DE,10,Delaware,13,U,BF_BF8Q,2014,363,340,314,319,1336
80,DC,11,District of Columbia,14,U,BF_BF8Q,2005,266,223,213,191,893
81,DC,11,District of Columbia,14,U,BF_BF8Q,2006,222,225,226,193,866
82,DC,11,District of Columbia,14,U,BF_BF8Q,2007,212,189,184,166,751
83,DC,11,District of Columbia,14,U,BF_BF8Q,2008,190,193,161,162,706
84,DC,11,District of Columbia,14,U,BF_BF8Q,2009,224,175,180,163,742
85,DC,11,District of Columbia,14,U,BF_BF8Q,2010,198,164,157,160,679
86,DC,11,District of Columbia,14,U,BF_BF8Q,2011,189,156,160,157,662
87,DC,11,District of Columbia,14,U,BF_BF8Q,2012,167,193,160,171,691
88,DC,11,District of Columbia,14,U,BF_BF8Q,2013,196,163,170,172,701
89,DC,11,District of Columbia,14,U,BF_BF8Q,2014,191,185,173,181,730
90,FL,12,Florida,15,U,BF_BF8Q,2005,13451,12171,11407,9728,46757
91,FL,12,Florida,15,U,BF_BF8Q,2006,11936,10696,9200,8641,40473
92,FL,12,Florida,15,U,BF_BF8Q,2007,9820,8931,8065,7496,34312
93,FL,12,Florida,15,U,BF_BF8Q,2008,8185,7622,6529,6532,28868
94,FL,12,Florida,15,U,BF_BF8Q,2009,7740,7112,6801,6332,27985
95,FL,12,Florida,15,U,BF_BF8Q,2010,7908,7440,6735,6449,28532
96,FL,12,Florida,15,U,BF_BF8Q,2011,8226,7359,6749,6443,28777
97,FL,12,Florida,15,U,BF_BF8Q,2012,7724,7061,6386,6358,27529
98,FL,12,Florida,15,U,BF_BF8Q,2013,8067,7323,6735,6539,28664
99,FL,12,Florida,15,U,BF_BF8Q,2014,8295,7928,7135,6980,30338
100,GA,13,Georgia,16,U,BF_BF8Q,2005,4858,4463,4187,3849,17357
101,GA,13,Georgia,16,U,BF_BF8Q,2006,4707,4180,4066,3678,16631
102,GA,13,Georgia,16,U,BF_BF8Q,2007,4351,3831,3430,3212,14824
103,GA,13,Georgia,16,U,BF_BF8Q,2008,3390,3103,2758,2655,11906
104,GA,13,Georgia,16,U,BF_BF8Q,2009,2979,2630,2504,2460,10573
105,GA,13,Georgia,16,U,BF_BF8Q,2010,2986,2657,2634,2404,10681
106,GA,13,Georgia,16,U,BF_BF8Q,2011,2964,2522,2421,2414,10321
107,GA,13,Georgia,16,U,BF_BF8Q,2012,2749,2490,2352,2485,10076
108,GA,13,Georgia,16,U,BF_BF8Q,2013,2624,2611,2384,2356,9975
109,GA,13,Georgia,16,U,BF_BF8Q,2014,2863,2714,2622,2550,10749
110,HI,15,Hawaii,17,U,BF_BF8Q,2005,523,469,420,416,1828
111,HI,15,Hawaii,17,U,BF_BF8Q,2006,477,457,414,379,1727
112,HI,15,Hawaii,17,U,BF_BF8Q,2007,428,399,336,352,1515
113,HI,15,Hawaii,17,U,BF_BF8Q,2008,349,346,288,284,1267
114,HI,15,Hawaii,17,U,BF_BF8Q,2009,308,272,280,244,1104
115,HI,15,Hawaii,17,U,BF_BF8Q,2010,288,255,287,249,1079
116,HI,15,Hawaii,17,U,BF_BF8Q,2011,307,273,260,252,1092
117,HI,15,Hawaii,17,U,BF_BF8Q,2012,274,246,228,261,1009
118,HI,15,Hawaii,17,U,BF_BF8Q,2013,273,281,273,266,1093
119,HI,15,Hawaii,17,U,BF_BF8Q,2014,271,246,249,298,1064
120,ID,16,Idaho,18,U,BF_BF8Q,2005,1260,1191,975,1024,4450
121,ID,16,Idaho,18,U,BF_BF8Q,2006,1358,1243,944,812,4357
122,ID,16,Idaho,18,U,BF_BF8Q,2007,1107,969,778,692,3546
123,ID,16,Idaho,18,U,BF_BF8Q,2008,772,741,536,492,2541
124,ID,16,Idaho,18,U,BF_BF8Q,2009,641,543,441,438,2063
125,ID,16,Idaho,18,U,BF_BF8Q,2010,571,531,492,418,2012
126,ID,16,Idaho,18,U,BF_BF8Q,2011,600,513,503,430,2046
127,ID,16,Idaho,18,U,BF_BF8Q,2012,540,499,443,445,1927
128,ID,16,Idaho,18,U,BF_BF8Q,2013,630,557,477,461,2125
129,ID,16,Idaho,18,U,BF_BF8Q,2014,653,592,475,523,2243
130,IL,17,Illinois,19,U,BF_BF8Q,2005,5406,5502,4531,4253,19692
131,IL,17,Illinois,19,U,BF_BF8Q,2006,5187,4828,4130,4059,18204
132,IL,17,Illinois,19,U,BF_BF8Q,2007,4638,4629,3920,3792,16979
133,IL,17,Illinois,19,U,BF_BF8Q,2008,4484,4252,3331,3152,15219
134,IL,17,Illinois,19,U,BF_BF8Q,2009,3796,3666,3261,3219,13942
135,IL,17,Illinois,19,U,BF_BF8Q,2010,3984,3718,3267,3239,14208
136,IL,17,Illinois,19,U,BF_BF8Q,2011,3820,3658,3290,3180,13948
137,IL,17,Illinois,19,U,BF_BF8Q,2012,3616,3519,3035,3347,13517
138,IL,17,Illinois,19,U,BF_BF8Q,2013,3745,3417,3079,3163,13404
139,IL,17,Illinois,19,U,BF_BF8Q,2014,3554,3685,3126,3150,13515
140,IN,18,Indiana,20,U,BF_BF8Q,2005,2407,2327,1994,1853,8581
141,IN,18,Indiana,20,U,BF_BF8Q,2006,2332,2019,1776,1723,7850
142,IN,18,Indiana,20,U,BF_BF8Q,2007,2086,1820,1647,1647,7200
143,IN,18,Indiana,20,U,BF_BF8Q,2008,1827,1437,1287,1278,5829
144,IN,18,Indiana,20,U,BF_BF8Q,2009,1474,1346,1218,1218,5256
145,IN,18,Indiana,20,U,BF_BF8Q,2010,1469,1384,1230,1193,5276
146,IN,18,Indiana,20,U,BF_BF8Q,2011,1477,1320,1188,1259,5244
147,IN,18,Indiana,20,U,BF_BF8Q,2012,1422,1291,1154,1276,5143
148,IN,18,Indiana,20,U,BF_BF8Q,2013,1414,1278,1184,1179,5055
149,IN,18,Indiana,20,U,BF_BF8Q,2014,1317,1261,1207,1171,4956
150,IA,19,Iowa,21,U,BF_BF8Q,2005,1329,1239,986,1015,4569
151,IA,19,Iowa,21,U,BF_BF8Q,2006,1129,1014,839,888,3870
152,IA,19,Iowa,21,U,BF_BF8Q,2007,1039,962,805,760,3566
153,IA,19,Iowa,21,U,BF_BF8Q,2008,956,858,684,677,3175
154,IA,19,Iowa,21,U,BF_BF8Q,2009,776,687,698,645,2806
155,IA,19,Iowa,21,U,BF_BF8Q,2010,845,768,637,630,2880
156,IA,19,Iowa,21,U,BF_BF8Q,2011,791,703,599,672,2765
157,IA,19,Iowa,21,U,BF_BF8Q,2012,789,693,594,603,2679
158,IA,19,Iowa,21,U,BF_BF8Q,2013,703,680,617,623,2623
159,IA,19,Iowa,21,U,BF_BF8Q,2014,771,696,555,585,2607
160,KS,20,Kansas,22,U,BF_BF8Q,2005,1348,1216,1062,1017,4643
161,KS,20,Kansas,22,U,BF_BF8Q,2006,1221,1035,937,891,4084
162,KS,20,Kansas,22,U,BF_BF8Q,2007,1082,986,925,837,3830
163,KS,20,Kansas,22,U,BF_BF8Q,2008,993,822,726,735,3276
164,KS,20,Kansas,22,U,BF_BF8Q,2009,875,723,636,691,2925
165,KS,20,Kansas,22,U,BF_BF8Q,2010,851,730,673,699,2953
166,KS,20,Kansas,22,U,BF_BF8Q,2011,817,708,701,746,2972
167,KS,20,Kansas,22,U,BF_BF8Q,2012,781,658,580,684,2703
168,KS,20,Kansas,22,U,BF_BF8Q,2013,783,733,664,674,2854
169,KS,20,Kansas,22,U,BF_BF8Q,2014,824,707,648,669,2848
170,KY,21,Kentucky,23,U,BF_BF8Q,2005,1550,1379,1308,1064,5301
171,KY,21,Kentucky,23,U,BF_BF8Q,2006,1502,1151,1131,1063,4847
172,KY,21,Kentucky,23,U,BF_BF8Q,2007,1270,1117,1049,961,4397
173,KY,21,Kentucky,23,U,BF_BF8Q,2008,1126,1013,893,790,3822
174,KY,21,Kentucky,23,U,BF_BF8Q,2009,911,886,858,851,3506
175,KY,21,Kentucky,23,U,BF_BF8Q,2010,1028,828,882,801,3539
176,KY,21,Kentucky,23,U,BF_BF8Q,2011,974,812,840,772,3398
177,KY,21,Kentucky,23,U,BF_BF8Q,2012,885,804,782,822,3293
178,KY,21,Kentucky,23,U,BF_BF8Q,2013,1025,846,847,814,3532
179,KY,21,Kentucky,23,U,BF_BF8Q,2014,970,821,775,729,3295
180,LA,22,Louisiana,24,U,BF_BF8Q,2005,1664,1474,1286,1458,5882
181,LA,22,Louisiana,24,U,BF_BF8Q,2006,1699,1629,1439,1343,6110
182,LA,22,Louisiana,24,U,BF_BF8Q,2007,1490,1388,1284,1139,5301
183,LA,22,Louisiana,24,U,BF_BF8Q,2008,1276,1151,1051,1075,4553
184,LA,22,Louisiana,24,U,BF_BF8Q,2009,1109,992,1016,869,3986
185,LA,22,Louisiana,24,U,BF_BF8Q,2010,1112,1073,984,939,4108
186,LA,22,Louisiana,24,U,BF_BF8Q,2011,1182,990,1045,952,4169
187,LA,22,Louisiana,24,U,BF_BF8Q,2012,1081,1042,843,906,3872
188,LA,22,Louisiana,24,U,BF_BF8Q,2013,989,971,890,914,3764
189,LA,22,Louisiana,24,U,BF_BF8Q,2014,982,1004,979,899,3864
190,ME,23,Maine,25,U,BF_BF8Q,2005,739,797,619,562,2717
191,ME,23,Maine,25,U,BF_BF8Q,2006,712,695,510,501,2418
192,ME,23,Maine,25,U,BF_BF8Q,2007,594,631,468,445,2138
193,ME,23,Maine,25,U,BF_BF8Q,2008,480,488,340,352,1660
194,ME,23,Maine,25,U,BF_BF8Q,2009,394,428,297,292,1411
195,ME,23,Maine,25,U,BF_BF8Q,2010,456,508,397,364,1725
196,ME,23,Maine,25,U,BF_BF8Q,2011,414,440,321,314,1489
197,ME,23,Maine,25,U,BF_BF8Q,2012,376,428,297,341,1442
198,ME,23,Maine,25,U,BF_BF8Q,2013,440,404,356,359,1559
199,ME,23,Maine,25,U,BF_BF8Q,2014,374,468,329,359,1530
200,MD,24,Maryland,26,U,BF_BF8Q,2005,2600,2324,2164,1945,9033
201,MD,24,Maryland,26,U,BF_BF8Q,2006,2347,2163,1783,1723,8016
202,MD,24,Maryland,26,U,BF_BF8Q,2007,2021,1837,1567,1550,6975
203,MD,24,Maryland,26,U,BF_BF8Q,2008,1789,1493,1194,1234,5710
204,MD,24,Maryland,26,U,BF_BF8Q,2009,1359,1405,1234,1174,5172
205,MD,24,Maryland,26,U,BF_BF8Q,2010,1406,1370,1183,1179,5138
206,MD,24,Maryland,26,U,BF_BF8Q,2011,1498,1307,1162,1145,5112
207,MD,24,Maryland,26,U,BF_BF8Q,2012,1439,1318,1192,1180,5129
208,MD,24,Maryland,26,U,BF_BF8Q,2013,1553,1352,1246,1250,5401
209,MD,24,Maryland,26,U,BF_BF8Q,2014,1476,1382,1261,1244,5363
210,MA,25,Massachusetts,27,U,BF_BF8Q,2005,3019,2814,2407,2209,10449
211,MA,25,Massachusetts,27,U,BF_BF8Q,2006,2708,2375,2048,1923,9054
212,MA,25,Massachusetts,27,U,BF_BF8Q,2007,2471,2207,1801,1747,8226
213,MA,25,Massachusetts,27,U,BF_BF8Q,2008,2144,1968,1606,1488,7206
214,MA,25,Massachusetts,27,U,BF_BF8Q,2009,1885,1780,1559,1519,6743
215,MA,25,Massachusetts,27,U,BF_BF8Q,2010,2048,1910,1593,1494,7045
216,MA,25,Massachusetts,27,U,BF_BF8Q,2011,1960,1803,1607,1496,6866
217,MA,25,Massachusetts,27,U,BF_BF8Q,2012,1986,1745,1612,1603,6946
218,MA,25,Massachusetts,27,U,BF_BF8Q,2013,2006,1873,1581,1585,7045
219,MA,25,Massachusetts,27,U,BF_BF8Q,2014,1926,1847,1659,1664,7096
220,MI,26,Michigan,28,U,BF_BF8Q,2005,3781,3892,3091,2970,13734
221,MI,26,Michigan,28,U,BF_BF8Q,2006,3364,3357,2716,2737,12174
222,MI,26,Michigan,28,U,BF_BF8Q,2007,3123,2896,2494,2382,10895
223,MI,26,Michigan,28,U,BF_BF8Q,2008,2566,2484,2027,2159,9236
224,MI,26,Michigan,28,U,BF_BF8Q,2009,2369,2084,2031,1961,8445
225,MI,26,Michigan,28,U,BF_BF8Q,2010,2422,2165,1935,2004,8526
226,MI,26,Michigan,28,U,BF_BF8Q,2011,2302,2147,1873,1954,8276
227,MI,26,Michigan,28,U,BF_BF8Q,2012,2178,2049,1756,1887,7870
228,MI,26,Michigan,28,U,BF_BF8Q,2013,2204,2054,1810,1869,7937
229,MI,26,Michigan,28,U,BF_BF8Q,2014,2158,2196,1925,1899,8178
230,MN,27,Minnesota,29,U,BF_BF8Q,2005,2638,2743,2087,2048,9516
231,MN,27,Minnesota,29,U,BF_BF8Q,2006,2412,2244,1734,1659,8049
232,MN,27,Minnesota,29,U,BF_BF8Q,2007,2210,2020,1536,1609,7375
233,MN,27,Minnesota,29,U,BF_BF8Q,2008,1746,1678,1367,1409,6200
234,MN,27,Minnesota,29,U,BF_BF8Q,2009,2015,1602,1221,1232,6070
235,MN,27,Minnesota,29,U,BF_BF8Q,2010,1567,1530,1222,1203,5522
236,MN,27,Minnesota,29,U,BF_BF8Q,2011,1526,1366,1174,1149,5215
237,MN,27,Minnesota,29,U,BF_BF8Q,2012,1504,1362,1150,1235,5251
238,MN,27,Minnesota,29,U,BF_BF8Q,2013,1473,1442,1206,1189,5310
239,MN,27,Minnesota,29,U,BF_BF8Q,2014,1526,1418,1245,1306,5495
240,MS,28,Mississippi,30,U,BF_BF8Q,2005,1089,887,815,930,3721
241,MS,28,Mississippi,30,U,BF_BF8Q,2006,1172,948,833,770,3723
242,MS,28,Mississippi,30,U,BF_BF8Q,2007,959,866,786,678,3289
243,MS,28,Mississippi,30,U,BF_BF8Q,2008,740,693,587,580,2600
244,MS,28,Mississippi,30,U,BF_BF8Q,2009,621,572,592,514,2299
245,MS,28,Mississippi,30,U,BF_BF8Q,2010,666,562,570,574,2372
246,MS,28,Mississippi,30,U,BF_BF8Q,2011,611,570,544,521,2246
247,MS,28,Mississippi,30,U,BF_BF8Q,2012,560,554,535,515,2164
248,MS,28,Mississippi,30,U,BF_BF8Q,2013,576,532,557,500,2165
249,MS,28,Mississippi,30,U,BF_BF8Q,2014,606,563,571,532,2272
250,MO,29,Missouri,31,U,BF_BF8Q,2005,2923,2704,2314,2366,10307
251,MO,29,Missouri,31,U,BF_BF8Q,2006,2788,2525,2165,1873,9351
252,MO,29,Missouri,31,U,BF_BF8Q,2007,2333,2164,1776,1697,7970
253,MO,29,Missouri,31,U,BF_BF8Q,2008,1948,1720,1528,1396,6592
254,MO,29,Missouri,31,U,BF_BF8Q,2009,1667,1537,1396,1379,5979
255,MO,29,Missouri,31,U,BF_BF8Q,2010,1664,1678,1408,1483,6233
256,MO,29,Missouri,31,U,BF_BF8Q,2011,1732,1449,1488,1426,6095
257,MO,29,Missouri,31,U,BF_BF8Q,2012,1604,1496,1410,1538,6048
258,MO,29,Missouri,31,U,BF_BF8Q,2013,1680,1406,1502,1446,6034
259,MO,29,Missouri,31,U,BF_BF8Q,2014,1764,1592,1548,1567,6471
260,MT,30,Montana,32,U,BF_BF8Q,2005,807,868,664,657,2996
261,MT,30,Montana,32,U,BF_BF8Q,2006,831,790,630,519,2770
262,MT,30,Montana,32,U,BF_BF8Q,2007,711,722,555,463,2451
263,MT,30,Montana,32,U,BF_BF8Q,2008,604,592,445,384,2025
264,MT,30,Montana,32,U,BF_BF8Q,2009,462,423,336,335,1556
265,MT,30,Montana,32,U,BF_BF8Q,2010,442,422,358,360,1582
266,MT,30,Montana,32,U,BF_BF8Q,2011,448,436,409,375,1668
267,MT,30,Montana,32,U,BF_BF8Q,2012,455,481,340,336,1612
268,MT,30,Montana,32,U,BF_BF8Q,2013,494,452,380,308,1634
269,MT,30,Montana,32,U,BF_BF8Q,2014,463,485,394,373,1715
270,NE,31,Nebraska,33,U,BF_BF8Q,2005,887,797,689,644,3017
271,NE,31,Nebraska,33,U,BF_BF8Q,2006,832,728,589,584,2733
272,NE,31,Nebraska,33,U,BF_BF8Q,2007,710,650,571,516,2447
273,NE,31,Nebraska,33,U,BF_BF8Q,2008,643,575,493,491,2202
274,NE,31,Nebraska,33,U,BF_BF8Q,2009,575,549,458,421,2003
275,NE,31,Nebraska,33,U,BF_BF8Q,2010,569,545,447,446,2007
276,NE,31,Nebraska,33,U,BF_BF8Q,2011,606,510,485,463,2064
277,NE,31,Nebraska,33,U,BF_BF8Q,2012,614,559,445,462,2080
278,NE,31,Nebraska,33,U,BF_BF8Q,2013,587,524,456,437,2004
279,NE,31,Nebraska,33,U,BF_BF8Q,2014,546,602,481,456,2085
280,NV,32,Nevada,34,U,BF_BF8Q,2005,1662,1652,1484,1456,6254
281,NV,32,Nevada,34,U,BF_BF8Q,2006,1642,1424,1255,1296,5617
282,NV,32,Nevada,34,U,BF_BF8Q,2007,1401,1327,1140,1170,5038
283,NV,32,Nevada,34,U,BF_BF8Q,2008,1225,1118,959,907,4209
284,NV,32,Nevada,34,U,BF_BF8Q,2009,1053,939,914,846,3752
285,NV,32,Nevada,34,U,BF_BF8Q,2010,1010,991,953,943,3897
286,NV,32,Nevada,34,U,BF_BF8Q,2011,1093,963,878,899,3833
287,NV,32,Nevada,34,U,BF_BF8Q,2012,1003,970,877,958,3808
288,NV,32,Nevada,34,U,BF_BF8Q,2013,1047,1043,914,930,3934
289,NV,32,Nevada,34,U,BF_BF8Q,2014,1093,948,956,928,3925
290,NH,33,New Hampshire,35,U,BF_BF8Q,2005,603,654,568,533,2358
291,NH,33,New Hampshire,35,U,BF_BF8Q,2006,590,525,444,443,2002
292,NH,33,New Hampshire,35,U,BF_BF8Q,2007,506,540,430,431,1907
293,NH,33,New Hampshire,35,U,BF_BF8Q,2008,392,458,395,316,1561
294,NH,33,New Hampshire,35,U,BF_BF8Q,2009,399,418,322,305,1444
295,NH,33,New Hampshire,35,U,BF_BF8Q,2010,341,352,321,303,1317
296,NH,33,New Hampshire,35,U,BF_BF8Q,2011,375,373,322,296,1366
297,NH,33,New Hampshire,35,U,BF_BF8Q,2012,346,361,305,304,1316
298,NH,33,New Hampshire,35,U,BF_BF8Q,2013,331,357,275,275,1238
299,NH,33,New Hampshire,35,U,BF_BF8Q,2014,320,344,311,303,1278
300,NJ,34,New Jersey,36,U,BF_BF8Q,2005,4482,4334,3809,3625,16250
301,NJ,34,New Jersey,36,U,BF_BF8Q,2006,4349,3824,3256,3425,14854
302,NJ,34,New Jersey,36,U,BF_BF8Q,2007,3710,3455,2985,2963,13113
303,NJ,34,New Jersey,36,U,BF_BF8Q,2008,3224,2968,2520,2452,11164
304,NJ,34,New Jersey,36,U,BF_BF8Q,2009,2870,2690,2526,2383,10469
305,NJ,34,New Jersey,36,U,BF_BF8Q,2010,2933,2886,2551,2524,10894
306,NJ,34,New Jersey,36,U,BF_BF8Q,2011,3070,2737,2517,2401,10725
307,NJ,34,New Jersey,36,U,BF_BF8Q,2012,2892,2628,2386,2366,10272
308,NJ,34,New Jersey,36,U,BF_BF8Q,2013,3031,2736,2468,2315,10550
309,NJ,34,New Jersey,36,U,BF_BF8Q,2014,2762,2667,2436,2475,10340
310,NM,35,New Mexico,37,U,BF_BF8Q,2005,889,778,794,687,3148
311,NM,35,New Mexico,37,U,BF_BF8Q,2006,901,779,695,662,3037
312,NM,35,New Mexico,37,U,BF_BF8Q,2007,758,705,618,565,2646
313,NM,35,New Mexico,37,U,BF_BF8Q,2008,696,607,483,447,2233
314,NM,35,New Mexico,37,U,BF_BF8Q,2009,534,460,413,389,1796
315,NM,35,New Mexico,37,U,BF_BF8Q,2010,480,459,421,442,1802
316,NM,35,New Mexico,37,U,BF_BF8Q,2011,554,464,400,389,1807
317,NM,35,New Mexico,37,U,BF_BF8Q,2012,477,445,394,420,1736
318,NM,35,New Mexico,37,U,BF_BF8Q,2013,480,403,354,383,1620
319,NM,35,New Mexico,37,U,BF_BF8Q,2014,490,458,402,400,1750
320,NY,36,New York,38,U,BF_BF8Q,2005,9509,9547,8519,8136,35711
321,NY,36,New York,38,U,BF_BF8Q,2006,9557,8853,7576,7589,33575
322,NY,36,New York,38,U,BF_BF8Q,2007,8505,8607,7324,7296,31732
323,NY,36,New York,38,U,BF_BF8Q,2008,7914,7752,6784,6770,29220
324,NY,36,New York,38,U,BF_BF8Q,2009,7516,7646,6671,6721,28554
325,NY,36,New York,38,U,BF_BF8Q,2010,7968,7822,6768,6787,29345
326,NY,36,New York,38,U,BF_BF8Q,2011,7839,7405,6456,6639,28339
327,NY,36,New York,38,U,BF_BF8Q,2012,7256,7281,6141,6322,27000
328,NY,36,New York,38,U,BF_BF8Q,2013,7485,7208,6221,6437,27351
329,NY,36,New York,38,U,BF_BF8Q,2014,7083,7030,6305,6126,26544
330,NC,37,North Carolina,39,U,BF_BF8Q,2005,4373,3848,3716,3430,15367
331,NC,37,North Carolina,39,U,BF_BF8Q,2006,4247,3745,3208,3061,14261
332,NC,37,North Carolina,39,U,BF_BF8Q,2007,3741,3300,3150,2810,13001
333,NC,37,North Carolina,39,U,BF_BF8Q,2008,3132,2783,2348,2190,10453
334,NC,37,North Carolina,39,U,BF_BF8Q,2009,2609,2498,2327,2206,9640
335,NC,37,North Carolina,39,U,BF_BF8Q,2010,2620,2458,2243,2128,9449
336,NC,37,North Carolina,39,U,BF_BF8Q,2011,2615,2334,2080,2037,9066
337,NC,37,North Carolina,39,U,BF_BF8Q,2012,2461,2263,2019,2080,8823
338,NC,37,North Carolina,39,U,BF_BF8Q,2013,2592,2346,2101,2082,9121
339,NC,37,North Carolina,39,U,BF_BF8Q,2014,2660,2477,2266,2289,9692
340,ND,38,North Dakota,40,U,BF_BF8Q,2005,329,363,260,257,1209
341,ND,38,North Dakota,40,U,BF_BF8Q,2006,342,314,226,213,1095
342,ND,38,North Dakota,40,U,BF_BF8Q,2007,284,289,222,217,1012
343,ND,38,North Dakota,40,U,BF_BF8Q,2008,283,303,237,205,1028
344,ND,38,North Dakota,40,U,BF_BF8Q,2009,230,242,178,192,842
345,ND,38,North Dakota,40,U,BF_BF8Q,2010,267,283,239,241,1030
346,ND,38,North Dakota,40,U,BF_BF8Q,2011,366,373,330,338,1407
347,ND,38,North Dakota,40,U,BF_BF8Q,2012,369,365,288,324,1346
348,ND,38,North Dakota,40,U,BF_BF8Q,2013,345,309,259,258,1171
349,ND,38,North Dakota,40,U,BF_BF8Q,2014,332,336,279,263,1210
350,OH,39,Ohio,41,U,BF_BF8Q,2005,3823,3680,3235,2908,13646
351,OH,39,Ohio,41,U,BF_BF8Q,2006,3454,3239,2756,2672,12121
352,OH,39,Ohio,41,U,BF_BF8Q,2007,3050,2912,2557,2454,10973
353,OH,39,Ohio,41,U,BF_BF8Q,2008,2723,2412,2053,2064,9252
354,OH,39,Ohio,41,U,BF_BF8Q,2009,2308,2239,2037,1940,8524
355,OH,39,Ohio,41,U,BF_BF8Q,2010,2404,2164,1985,1959,8512
356,OH,39,Ohio,41,U,BF_BF8Q,2011,2403,2162,1839,1942,8346
357,OH,39,Ohio,41,U,BF_BF8Q,2012,2165,2061,1778,1994,7998
358,OH,39,Ohio,41,U,BF_BF8Q,2013,2051,2057,1712,1804,7624
359,OH,39,Ohio,41,U,BF_BF8Q,2014,2212,1980,1757,1884,7833
360,OK,40,Oklahoma,42,U,BF_BF8Q,2005,1732,1451,1415,1411,6009
361,OK,40,Oklahoma,42,U,BF_BF8Q,2006,1615,1453,1296,1170,5534
362,OK,40,Oklahoma,42,U,BF_BF8Q,2007,1503,1423,1153,1159,5238
363,OK,40,Oklahoma,42,U,BF_BF8Q,2008,1341,1212,1122,1008,4683
364,OK,40,Oklahoma,42,U,BF_BF8Q,2009,1098,979,949,838,3864
365,OK,40,Oklahoma,42,U,BF_BF8Q,2010,1122,958,937,949,3966
366,OK,40,Oklahoma,42,U,BF_BF8Q,2011,1192,977,976,960,4105
367,OK,40,Oklahoma,42,U,BF_BF8Q,2012,1099,982,894,995,3970
368,OK,40,Oklahoma,42,U,BF_BF8Q,2013,1129,942,974,893,3938
369,OK,40,Oklahoma,42,U,BF_BF8Q,2014,1115,1022,953,885,3975
370,OR,41,Oregon,43,U,BF_BF8Q,2005,2378,2134,1995,1961,8468
371,OR,41,Oregon,43,U,BF_BF8Q,2006,2340,2096,1716,1667,7819
372,OR,41,Oregon,43,U,BF_BF8Q,2007,2138,1900,1588,1483,7109
373,OR,41,Oregon,43,U,BF_BF8Q,2008,1759,1480,1260,1185,5684
374,OR,41,Oregon,43,U,BF_BF8Q,2009,1388,1261,1109,1114,4872
375,OR,41,Oregon,43,U,BF_BF8Q,2010,1413,1293,1125,1087,4918
376,OR,41,Oregon,43,U,BF_BF8Q,2011,1436,1195,1098,1089,4818
377,OR,41,Oregon,43,U,BF_BF8Q,2012,1319,1179,1053,1172,4723
378,OR,41,Oregon,43,U,BF_BF8Q,2013,1446,1193,1175,1140,4954
379,OR,41,Oregon,43,U,BF_BF8Q,2014,1438,1351,1206,1266,5261
380,PA,42,Pennsylvania,44,U,BF_BF8Q,2005,4526,4205,3901,3518,16150
381,PA,42,Pennsylvania,44,U,BF_BF8Q,2006,4195,3697,3224,3189,14305
382,PA,42,Pennsylvania,44,U,BF_BF8Q,2007,3882,3444,3101,3179,13606
383,PA,42,Pennsylvania,44,U,BF_BF8Q,2008,3337,3058,2627,2494,11516
384,PA,42,Pennsylvania,44,U,BF_BF8Q,2009,2791,2557,2395,2495,10238
385,PA,42,Pennsylvania,44,U,BF_BF8Q,2010,2831,2750,2450,2435,10466
386,PA,42,Pennsylvania,44,U,BF_BF8Q,2011,2853,2753,2353,2378,10337
387,PA,42,Pennsylvania,44,U,BF_BF8Q,2012,2818,2667,2267,2415,10167
388,PA,42,Pennsylvania,44,U,BF_BF8Q,2013,2736,2577,2326,2277,9916
389,PA,42,Pennsylvania,44,U,BF_BF8Q,2014,2689,2598,2326,2505,10118
390,RI,44,Rhode Island,45,U,BF_BF8Q,2005,531,563,418,365,1877
391,RI,44,Rhode Island,45,U,BF_BF8Q,2006,509,448,361,350,1668
392,RI,44,Rhode Island,45,U,BF_BF8Q,2007,403,393,340,286,1422
393,RI,44,Rhode Island,45,U,BF_BF8Q,2008,355,315,285,235,1190
394,RI,44,Rhode Island,45,U,BF_BF8Q,2009,301,331,267,243,1142
395,RI,44,Rhode Island,45,U,BF_BF8Q,2010,338,288,268,264,1158
396,RI,44,Rhode Island,45,U,BF_BF8Q,2011,328,302,226,203,1059
397,RI,44,Rhode Island,45,U,BF_BF8Q,2012,315,294,256,249,1114
398,RI,44,Rhode Island,45,U,BF_BF8Q,2013,298,281,225,234,1038
399,RI,44,Rhode Island,45,U,BF_BF8Q,2014,340,311,261,213,1125
400,SC,45,South Carolina,46,U,BF_BF8Q,2005,2126,1859,1773,1610,7368
401,SC,45,South Carolina,46,U,BF_BF8Q,2006,1894,1769,1618,1432,6713
402,SC,45,South Carolina,46,U,BF_BF8Q,2007,1779,1600,1293,1320,5992
403,SC,45,South Carolina,46,U,BF_BF8Q,2008,1417,1293,1097,1051,4858
404,SC,45,South Carolina,46,U,BF_BF8Q,2009,1146,1090,1019,963,4218
405,SC,45,South Carolina,46,U,BF_BF8Q,2010,1168,1084,930,968,4150
406,SC,45,South Carolina,46,U,BF_BF8Q,2011,1118,1069,941,940,4068
407,SC,45,South Carolina,46,U,BF_BF8Q,2012,1090,1032,953,949,4024
408,SC,45,South Carolina,46,U,BF_BF8Q,2013,1179,1071,999,938,4187
409,SC,45,South Carolina,46,U,BF_BF8Q,2014,1201,1211,1085,1072,4569
410,SD,46,South Dakota,47,U,BF_BF8Q,2005,510,529,327,363,1729
411,SD,46,South Dakota,47,U,BF_BF8Q,2006,466,456,352,303,1577
412,SD,46,South Dakota,47,U,BF_BF8Q,2007,394,392,292,326,1404
413,SD,46,South Dakota,47,U,BF_BF8Q,2008,372,346,276,256,1250
414,SD,46,South Dakota,47,U,BF_BF8Q,2009,326,300,216,243,1085
415,SD,46,South Dakota,47,U,BF_BF8Q,2010,254,306,262,186,1008
416,SD,46,South Dakota,47,U,BF_BF8Q,2011,324,285,242,273,1124
417,SD,46,South Dakota,47,U,BF_BF8Q,2012,301,288,255,253,1097
418,SD,46,South Dakota,47,U,BF_BF8Q,2013,320,276,250,229,1075
419,SD,46,South Dakota,47,U,BF_BF8Q,2014,312,310,267,266,1155
420,TN,47,Tennessee,48,U,BF_BF8Q,2005,2436,2178,1988,1898,8500
421,TN,47,Tennessee,48,U,BF_BF8Q,2006,2360,2058,1903,1772,8093
422,TN,47,Tennessee,48,U,BF_BF8Q,2007,2146,1889,1771,1661,7467
423,TN,47,Tennessee,48,U,BF_BF8Q,2008,1754,1546,1358,1248,5906
424,TN,47,Tennessee,48,U,BF_BF8Q,2009,1523,1374,1327,1352,5576
425,TN,47,Tennessee,48,U,BF_BF8Q,2010,1625,1441,1406,1262,5734
426,TN,47,Tennessee,48,U,BF_BF8Q,2011,1526,1360,1297,1231,5414
427,TN,47,Tennessee,48,U,BF_BF8Q,2012,1429,1300,1160,1239,5128
428,TN,47,Tennessee,48,U,BF_BF8Q,2013,1516,1226,1261,1187,5190
429,TN,47,Tennessee,48,U,BF_BF8Q,2014,1449,1321,1339,1232,5341
430,TX,48,Texas,49,U,BF_BF8Q,2005,10228,8800,8196,7916,35140
431,TX,48,Texas,49,U,BF_BF8Q,2006,9749,8834,7835,7512,33930
432,TX,48,Texas,49,U,BF_BF8Q,2007,8904,8297,7780,7384,32365
433,TX,48,Texas,49,U,BF_BF8Q,2008,8309,7297,6571,6079,28256
434,TX,48,Texas,49,U,BF_BF8Q,2009,7142,6672,6302,6076,26192
435,TX,48,Texas,49,U,BF_BF8Q,2010,7622,7210,6544,6299,27675
436,TX,48,Texas,49,U,BF_BF8Q,2011,7988,7228,6990,6372,28578
437,TX,48,Texas,49,U,BF_BF8Q,2012,7551,7131,6316,6627,27625
438,TX,48,Texas,49,U,BF_BF8Q,2013,7838,7121,6938,6591,28488
439,TX,48,Texas,49,U,BF_BF8Q,2014,8145,7674,7154,6972,29945
440,UT,49,Utah,50,U,BF_BF8Q,2005,1902,1719,1576,1505,6702
441,UT,49,Utah,50,U,BF_BF8Q,2006,1959,1818,1497,1505,6779
442,UT,49,Utah,50,U,BF_BF8Q,2007,1882,1594,1315,1298,6089
443,UT,49,Utah,50,U,BF_BF8Q,2008,1358,1182,1074,1045,4659
444,UT,49,Utah,50,U,BF_BF8Q,2009,1156,1112,947,967,4182
445,UT,49,Utah,50,U,BF_BF8Q,2010,1217,1029,936,977,4159
446,UT,49,Utah,50,U,BF_BF8Q,2011,1162,1100,1077,867,4206
447,UT,49,Utah,50,U,BF_BF8Q,2012,1151,1033,887,948,4019
448,UT,49,Utah,50,U,BF_BF8Q,2013,1163,1021,876,995,4055
449,UT,49,Utah,50,U,BF_BF8Q,2014,1232,1089,922,1092,4335
450,VT,50,Vermont,51,U,BF_BF8Q,2005,365,361,307,259,1292
451,VT,50,Vermont,51,U,BF_BF8Q,2006,312,321,246,243,1122
452,VT,50,Vermont,51,U,BF_BF8Q,2007,310,274,238,225,1047
453,VT,50,Vermont,51,U,BF_BF8Q,2008,237,249,184,181,851
454,VT,50,Vermont,51,U,BF_BF8Q,2009,206,213,162,148,729
455,VT,50,Vermont,51,U,BF_BF8Q,2010,207,213,201,176,797
456,VT,50,Vermont,51,U,BF_BF8Q,2011,174,204,169,176,723
457,VT,50,Vermont,51,U,BF_BF8Q,2012,178,202,127,177,684
458,VT,50,Vermont,51,U,BF_BF8Q,2013,214,185,170,170,739
459,VT,50,Vermont,51,U,BF_BF8Q,2014,179,183,174,169,705
460,VA,51,Virginia,52,U,BF_BF8Q,2005,4031,3689,3291,2976,13987
461,VA,51,Virginia,52,U,BF_BF8Q,2006,3807,3301,2726,2596,12430
462,VA,51,Virginia,52,U,BF_BF8Q,2007,3128,2927,2522,2384,10961
463,VA,51,Virginia,52,U,BF_BF8Q,2008,2680,2359,2018,1936,8993
464,VA,51,Virginia,52,U,BF_BF8Q,2009,2324,2107,1860,1753,8044
465,VA,51,Virginia,52,U,BF_BF8Q,2010,2228,2183,1916,1833,8160
466,VA,51,Virginia,52,U,BF_BF8Q,2011,2272,2050,1906,1810,8038
467,VA,51,Virginia,52,U,BF_BF8Q,2012,2214,2032,1793,1885,7924
468,VA,51,Virginia,52,U,BF_BF8Q,2013,2248,1970,1836,1833,7887
469,VA,51,Virginia,52,U,BF_BF8Q,2014,2202,2126,1949,1989,8266
470,WA,53,Washington,53,U,BF_BF8Q,2005,4145,3832,3508,3437,14922
471,WA,53,Washington,53,U,BF_BF8Q,2006,3970,3593,3145,2946,13654
472,WA,53,Washington,53,U,BF_BF8Q,2007,3699,3554,2835,2728,12816
473,WA,53,Washington,53,U,BF_BF8Q,2008,3085,2753,2281,2220,10339
474,WA,53,Washington,53,U,BF_BF8Q,2009,2397,2242,1988,2049,8676
475,WA,53,Washington,53,U,BF_BF8Q,2010,2424,2359,2109,2101,8993
476,WA,53,Washington,53,U,BF_BF8Q,2011,2589,2261,2055,2043,8948
477,WA,53,Washington,53,U,BF_BF8Q,2012,2263,2245,1935,2139,8582
478,WA,53,Washington,53,U,BF_BF8Q,2013,2433,2194,2074,2136,8837
479,WA,53,Washington,53,U,BF_BF8Q,2014,2604,2474,2163,2274,9515
480,WV,54,West Virginia,54,U,BF_BF8Q,2005,624,603,529,523,2279
481,WV,54,West Virginia,54,U,BF_BF8Q,2006,579,497,435,357,1868
482,WV,54,West Virginia,54,U,BF_BF8Q,2007,437,413,421,367,1638
483,WV,54,West Virginia,54,U,BF_BF8Q,2008,430,363,329,287,1409
484,WV,54,West Virginia,54,U,BF_BF8Q,2009,345,320,292,274,1231
485,WV,54,West Virginia,54,U,BF_BF8Q,2010,336,342,328,281,1287
486,WV,54,West Virginia,54,U,BF_BF8Q,2011,323,315,299,274,1211
487,WV,54,West Virginia,54,U,BF_BF8Q,2012,265,327,278,243,1113
488,WV,54,West Virginia,54,U,BF_BF8Q,2013,303,292,274,260,1129
489,WV,54,West Virginia,54,U,BF_BF8Q,2014,294,323,282,249,1148
490,WI,55,Wisconsin,55,U,BF_BF8Q,2005,2232,2285,1819,1747,8083
491,WI,55,Wisconsin,55,U,BF_BF8Q,2006,2018,2108,1550,1534,7210
492,WI,55,Wisconsin,55,U,BF_BF8Q,2007,1892,1639,1475,1383,6389
493,WI,55,Wisconsin,55,U,BF_BF8Q,2008,1529,1494,1233,1122,5378
494,WI,55,Wisconsin,55,U,BF_BF8Q,2009,1271,1252,1105,1159,4787
495,WI,55,Wisconsin,55,U,BF_BF8Q,2010,1269,1214,1099,1095,4677
496,WI,55,Wisconsin,55,U,BF_BF8Q,2011,1304,1230,1027,1044,4605
497,WI,55,Wisconsin,55,U,BF_BF8Q,2012,1177,1172,973,1080,4402
498,WI,55,Wisconsin,55,U,BF_BF8Q,2013,1233,1226,1031,1073,4563
499,WI,55,Wisconsin,55,U,BF_BF8Q,2014,1257,1222,1094,1098,4671
500,WY,56,Wyoming,56,U,BF_BF8Q,2005,449,479,363,339,1630
501,WY,56,Wyoming,56,U,BF_BF8Q,2006,454,451,323,328,1556
502,WY,56,Wyoming,56,U,BF_BF8Q,2007,423,426,303,310,1462
503,WY,56,Wyoming,56,U,BF_BF8Q,2008,384,399,294,254,1331
504,WY,56,Wyoming,56,U,BF_BF8Q,2009,298,275,235,206,1014
505,WY,56,Wyoming,56,U,BF_BF8Q,2010,300,313,253,275,1141
506,WY,56,Wyoming,56,U,BF_BF8Q,2011,321,289,271,242,1123
507,WY,56,Wyoming,56,U,BF_BF8Q,2012,313,268,257,261,1099
508,WY,56,Wyoming,56,U,BF_BF8Q,2013,292,275,230,237,1034
509,WY,56,Wyoming,56,U,BF_BF8Q,2014,350,323,279,279,1231
